user_id,removed_count
eb61194e-491f-40e4-9064-d3d096e0fe64,351
1401eed2-0ebf-4814-9710-244b4f309251,138
527a7277-9687-4e36-b00a-7767a91ac4bc,17
38df9913-63d5-473a-83c0-b94c73cf2f9d,23
f0f74b1a-ba57-425e-a8b5-53cab4b2d530,62
eb125c74-2673-4ca6-8d5b-019a06d1b5b9,28
d7823b84-91dc-4c0d-8ea8-7acaef8c7010,17
fdc3c08a-e5ca-44ec-8be4-f867951a03f3,15
1757b860-b895-47cb-9eea-8e356b998449,16
a16a1847-e526-49c1-b021-1f05d8a399fa,14
1d379e27-2c10-4022-bbb7-dedd220eb3a6,14
28067466-15b6-436e-92ca-f8e1872acf0b,5
8f9c4a3b-3789-423b-b9f1-6d66a88b87ec,29
a83cf3eb-2a5f-4cfb-a20a-ac791f006c5b,11
019ebe90-cd43-4f06-bfc2-5346b641f528,10
284149b4-98fc-41d1-ab38-e564e443a0d9,14
b9e12c51-01b7-43b0-8dec-87d0a9bf40f4,11
3e94ede3-eb8e-4798-96a8-2ec92da8a5f9,15
21b731b4-4c13-463f-a6de-4400aa0d2545,11
711dac1f-a6eb-4ea0-8ec4-13695187b2a0,45
1e4ff44a-f270-411e-a57c-04f3bfbade5e,2
d42753b8-bea1-4d3d-a331-908e3847d0aa,4
40c56147-96f2-4ad4-8a85-8ff655def5b3,2
75aae84c-5d0b-4440-89fe-920675177363,20
2e39ef4b-f2d0-4a49-bce7-fb9cce33dd93,23
44d4a211-50ac-4288-bf02-6e81070123a8,21
2f6a2a22-223b-4f45-8a4a-bd47b7ce8575,20
44f36c5b-fda3-46b7-ae55-c5d71659a7e6,22
063b6aac-9a2c-4281-849e-cae4af108f3a,20
21abd134-02f9-4378-b31e-ed8bd01856de,25
2f9d4663-0c0d-4127-b5f8-3ca8bb553b4c,21
7f5d5533-b3fa-4ced-a5cb-8e15ffedc5c8,20
d28b350e-4e95-458b-bd41-d9b2edcb9187,24
a55ce978-f267-4f5f-aaa4-b6224ac8170d,20
308f958b-8feb-41d0-96cc-d2e2525751d1,22
4638e577-755a-40d3-b934-714549148e43,20
f333df4c-58bc-4860-ae53-c1f8086be074,20
d1925f87-a0f1-4df3-af49-4a08237dd9df,20
73e819a1-2a37-4a59-9289-097890fe4bd6,20
c04130d8-0a7b-4c2d-9de1-3d7abf8bb085,25
bf30d648-b29b-40eb-9dcb-d16d84cc00c8,31
1afe3f63-38b6-4982-b837-0d1c5c57d77b,22
a4d08fb6-f5ca-4d38-9623-a89bfe96cc8f,26
dd704b88-8140-40a1-8f0f-5e3e02a7c2ea,21
f62c4f71-5284-4d82-ab27-4be1f0f3a9a0,22
2acd3a38-a4df-415f-92d1-1b3265e168be,20
6ac957b2-fe0d-419e-aa76-a9918c80b21c,20
6b3d526d-fd81-4207-be15-7fcbff65f565,20
64797e19-226a-4efa-acfc-9294f6e4b9c9,20
c8b77b8c-49bd-432e-9fb1-463f62a7f73b,21
8920b891-39a1-484c-b8da-6a2e25ce16c0,68
28924ed6-2227-464f-9189-e14e6aa50b64,21
29079fa7-49a6-4d75-be2a-e4bd693907ae,21
6c7ed087-a07a-4f30-b298-9bb4c1b831f3,21
6d51319a-b7af-4dde-a8ec-137615764d6b,20
2a8b11a1-f73d-4407-bbae-a26d8f1463f2,22
17c2cc80-7826-4eec-9b1c-fb918e91cd16,31
95233d0e-040a-43b1-87d9-a02efc3aef0d,34
964ce376-0472-4496-80c3-340fac0249e9,20
ddda1e04-d029-4132-be7f-4a3c9dd82379,21
9765d1ca-5fc6-4ec9-b7ee-d203d14c8195,26
f4605af3-6f49-4287-9ca6-da75ad93ac78,20
c5539212-346f-4e79-8bfb-e26dde4da876,20
9968cf84-f068-4eb0-9bd6-6e091030177f,20
dcee4cca-c16e-4768-baf8-095f9fddb6b9,24
9ae6218b-afa0-4ef7-adb3-12bafe3eb773,22
dd2ad5bb-aeab-428f-bcb2-728266170ee7,21
574a4aef-e0c4-4f63-9488-ac29d19a1476,20
22f52e1b-5441-4e31-9562-36a9520775a2,42
9ce940d8-e03f-4c1e-baea-dbd8172fdd79,21
ddab19f2-3820-4ddd-816a-0c44e282aefd,31
843928af-fa2c-4804-b6cd-66000d19bf3f,20
764ad85b-603c-48e1-bb00-bfb7570fe465,26
8b10de9d-7468-4128-bc06-85b31e304cd6,20
7964517a-2583-4381-b478-1dd055a1b9d7,20
bc355532-84ef-481d-b3d1-71f3aff00dcc,23
77c71fd0-1031-4d91-a837-cfeefeb2c1e0,20
7b9ee122-00a0-40b6-92ed-79fd79e9acee,26
ba87e098-5b81-4ab2-9a99-63b918751002,20
b0c8b66c-3e0e-45ee-a46c-9cc7c51656df,20
3e7431dd-5ca1-42ae-8aac-28ac561e0aa1,20
36476df4-33bb-42dd-95cb-d5035f2d339d,21
af9b0f7b-7999-45f0-985f-87951f31911c,20
b71dda26-e995-474f-a35f-b5f9b470f9b0,20
b5a4ad37-b5b9-436f-8b2a-4ee260581119,24
7acc7612-3c23-48cf-afd5-f7a5b068a1cb,25
b8a63098-e278-41ab-97dc-dcc225f50a96,21
bb47f0cc-abd7-4c4e-bd2f-da2e9c59cc1f,20
40314b20-467a-46d3-95d2-8d9fc020ecf5,21
d6e04106-0bbf-4943-bba9-a36bfcf2e535,1
42020ed4-8174-4303-b899-c1bae55a0420,1
fd7ee06f-cf34-493c-a909-51af56ba4274,2
fad73ccc-c070-4563-a31e-a018e195a074,10
3d7bf824-010d-45f5-871e-b6195966b3de,2
3b871ca3-9b77-4ef2-bed7-6c4c1eb6e619,12
258f1f5e-b246-4dce-bafb-e7461a21b3c9,1
1b02a645-7413-4a26-affc-365e9081a663,4
5ce84a2e-9249-49c0-8e70-1908165c9412,10
20a4695c-72fe-454e-a17d-459c0aee9de8,2
7a923d89-3099-49b5-9613-2511b15b9001,3
8072956a-5aab-4c16-9401-c223b05bc43a,18
8a494b39-a196-478b-ab23-12ea02c6c09e,25
1a2e6270-275e-40b0-a5d2-757a3abc7485,21
7f3496b1-ee68-41b3-8752-359f693976da,6
d5e9e3b7-cd74-45fe-9783-74c173fc62c0,3
71812769-afbd-4522-8091-2eb66612b48d,5
b2c67a50-9dcc-417e-a268-4fcbcc5ab3b1,3
a26af3ad-e51e-4b74-9e2c-31ce024a2457,16
31723608-ff0b-4930-bf46-4cdfb015bb13,1
1ccd2bda-ea63-4814-ba7c-d5b2a87338bb,2
cb00f128-2f42-49a5-8836-3d2274061988,1
002fe680-cd89-4599-9ab3-e1408bdb9975,1
246ceb21-4e20-41dd-99fb-b3dc89216036,4
85dc92b7-669e-4a75-a3f2-3d35fbe70942,3
eb0fabc0-9d32-444e-9498-b4ab203ca921,4
a2a38cc0-f86e-449f-9c5a-f9a9bd83a073,4
6d587aeb-9142-4109-841b-fcaa377d26d9,1
dd09b701-82e6-4b95-bdd2-90e15eaaae9b,3
0e5ca9a2-049c-4353-bc50-7a1f0ad21f11,1
a59e7b09-ce66-42e1-8818-b864e42e72fe,1
5a039888-1740-4afe-af27-23ab25735717,5
d96c4bdf-68b4-49be-a754-1b30fd37907f,7
46dae0d6-c3ab-4811-8713-bdfe4c1c4f73,3
6b400158-2188-47a6-aa55-c1012c806020,18
de93a2e2-5c7e-4d9e-b30e-3eca34c1726b,11
1afebfc4-1947-4aa3-9be6-8aec167f4e32,2
52727f0d-68e8-48b4-8203-7dc87bc7bf8e,1
44b07365-7be1-4837-893c-36cf1d6b671d,6
a51b3a5e-74a7-4e98-a06a-09080529c9ec,3
61a62ccc-df03-488c-866b-299225bcec34,3
f7ae9e73-00a8-4e46-9904-cdc95e531092,4
47b39aa9-9144-4b10-b43e-f0deb5fec553,1
3c39bab9-271f-4a71-bd20-542384c98dc6,3
9c42886d-645d-49a2-b962-aa1f708915c9,2
4c001e80-308d-4648-8408-f374d88c2aa5,3
9633a891-c68f-4d84-b299-16f9a7bb0fd0,2
939e64a7-f20d-4054-96d5-b828085275f4,1
8cae6fac-00be-424a-b619-7739f2477bfa,48
7941ed80-a5f6-4d84-b3a5-fe1700b4c4b2,2
98b42356-690e-4c29-b23e-f65ed8965a74,1
43845a0d-fdb0-41a8-8bdb-f2d64c026ef0,4
e8597080-2428-48e0-9f2a-7f9b3797ccc4,2
e11e22d2-017e-404c-98cf-3fbe9b5590a4,1
40cb12ef-2d5e-4f2d-ba65-797e615b6c53,9
212929d1-d681-4260-be73-572444ab9090,1
de0f1fe9-2270-4641-b816-01643b5fd381,3
d3be554e-66f9-4fe1-829e-d0a29d447d5f,2
e68f77ab-4d65-4f07-85bc-368e1e2ade40,3
2adf9717-3234-46f9-b5a3-e9fc8d17a6a4,2
fd228502-0e7a-4dc4-99ab-e97c0332d7a9,3
27368d52-77ba-44ce-a6a1-71db794b8fea,11
b52c6f5b-a9d3-462c-bf5d-59311eb997c3,1
bbeaf392-5c08-4258-8a1d-f82f43e01cae,6
2f97818a-7d5f-409b-95b6-f7bb06ec692d,11
1cb4f284-6644-4d38-a784-a54706065e61,1
a4eb0842-59f6-47c8-bb4b-ce78c1ccbfe7,2
9d9a0648-51fa-4298-bfc9-2d31506f79f4,4
f5e02c08-5951-4afe-852c-2695017f9ced,3
b93005f3-da81-4d21-8223-63ca1a058adc,3
d52848bc-ec53-4829-8d1b-a49efa60e4db,4
15366c17-d1a2-43a6-98d4-f30219c3d264,5
45c83215-4c0d-4d18-8308-3ca7528df069,1
285c20f7-2f7b-4bb7-8134-abdaaa58c9de,6
9575e299-bef6-4c76-9f27-aecc5fdf13a4,27
2e7f553e-967c-4137-9926-0f39838f4c81,3
288310f2-1215-4880-a890-ccfcc57284a3,6
9cf277d0-8f1a-4107-bcd9-db4b31e99f9c,4
8b634622-7dac-4c1b-8bde-b40b3c9f9af0,1
89394d8c-9ae6-4939-b9a2-f95d37b08c90,5
def43635-c50b-4893-95fe-a09de343a318,3
a948405e-493a-44e7-83f8-76c0159788ee,1
534cf099-d572-4bc4-8fed-09643e095434,4
c50eda0e-7e26-4c4b-b415-1c8e328db8b4,1
db15bebe-2a2d-4273-96b9-8d5893844cf1,6
84fa1940-3ec9-4c7c-988f-e81c43e80781,3
3ad33890-378b-4ccd-9a20-aa41925dc955,3
b34dfe07-07db-4ab9-a8bc-2279f14e5cd2,3
c37a1729-42cf-4e8b-84cd-a37bbcdc31da,4
b926ce7b-b1e4-421e-8137-0c1ec870a7f7,7
2f7b7883-8904-446b-b211-73fd073fcc0c,3
776a3c2d-ff23-44be-bdcd-7946d5aee43a,5
c7875d2e-9f54-46de-81c0-66a62f765a24,3
72eaf1ff-9374-4344-be30-92aa358674d9,3
147f00d0-0cc4-45aa-aa4e-5af65697d970,7
1b8ac3a9-870b-4d1d-a697-60c374369c30,2
236f0f3f-25d6-45de-bc56-63fadda7b6db,2
1e681ef8-1b19-4774-b1ff-ea2043940efa,1
7201f5e2-bb6a-4fea-b594-8ea7076594a2,1
1a4e17ca-58a4-4fb0-a6fa-2758fc1ec1db,6
9c29f6a8-46ca-4dc9-a741-4687c52af76a,1
ed705dc5-122a-4d74-8090-1c9ea7760a15,23
6d5bb894-9d19-41eb-a9fb-01a55eb9f7df,2
189fa944-8d0d-4dff-aeb6-fe9b4238d1b3,1
c9102db1-e5cb-42d0-9069-5b32f2778489,2
9a388c18-a0ff-41a6-a549-d0fba7b09327,1
965a945b-87fd-4a96-86f1-de12fe5e16cf,1
33f7d464-70fd-4b65-85ad-a7a6145f1a37,2
5cf67440-a3bf-4c5a-9205-3895e65f5834,1
e3ad0906-f0e9-49dd-917f-6c34070cf1fb,3
de6c1c30-186d-4624-b69d-b1d58689c7ee,6
be903417-8afb-410c-b43c-62eb8de57cb4,25
c9f3552e-54f7-4a4c-997d-e8a9e64f5191,8
59073cbe-4415-40e3-99ea-fed5c4585ad4,2
9383dd7a-c9a5-4ac3-9234-4d1f2b0dd2a8,17
ba463edd-a93f-45ee-87c5-1ec15d38fa0e,3
82ce015a-eb6b-46be-9ca9-a4f9e018323e,1
e479b576-40b8-400c-8d7e-6de4f1455538,3
6a6a385e-5f69-41c2-ba81-3aa58bfaee67,1
e6d2f7ec-c43d-481a-aead-2f52fbb5ae0f,12
24c36df4-7364-4430-8f04-d219842065c8,1
77c8fbf5-2dca-419a-a602-93f47e3d5d84,2
0d9f5e5f-40ec-4dfd-8b16-f4ab3c6c58a9,1
95de4d5d-c59c-43be-a1d8-a09272c7b263,5
ddc36366-8b1f-4c06-b392-b707d0007cfc,9
95c0af84-5368-41a9-bd5b-1b1a31792c62,7
97b4a3d3-a216-4473-8d7a-469d996c8cbd,30
bb7d764a-dd62-4a78-9c00-df1301a299da,3
dd9f2187-71c8-4632-b51f-5217caffffb6,1
38acb793-d452-46be-9858-5fbee5e988bd,3
c3222864-8ed0-4abc-9bdd-5ac619562deb,7
9a5a7f6c-24e8-4389-a9b0-30e070d7cbea,6
01858e22-5465-4af5-a25e-4765dd5205b6,4
502ee276-82fb-4f24-bb66-acc35552001b,1
ee8a3a97-af4d-4ee6-a7df-41fca2ac1b88,8
d4580c58-ddb0-47e3-8f1c-dd2513625276,8
3df4485f-ad98-4f5d-9e95-030a6bf38ef4,98
3a761b68-ead2-4e17-8795-715568182386,5
54f43004-0cc3-48bd-a166-860706ff19c5,2
f1e7f816-5df1-4d15-84f1-07f7eae978b3,5
f74c9d01-47ab-4192-9889-7280ebd87678,65
90f87e93-de19-4e52-b081-006f1f092d30,2
50b91e32-0e7a-47a2-b880-6678e0a89ead,1
5b78755a-bb67-41d1-9ce1-245cc6c97979,2
98e4bd3b-76f9-4553-b96a-a1671e845da8,1
091baa98-cf05-4399-b490-e24324f7607f,17
63916933-d331-491d-89ad-62d4bfb1c120,3
6faf005a-5817-416c-b984-3173bcbaef70,11
11dd4c74-ca6f-4028-aeb7-5ad7841eb923,1
262e084b-6d5c-490c-af3a-d926d6c44966,2
06deb109-84fd-40b2-8ff6-6393f6a3b0e8,1
1cef2da6-f87b-4632-bfc5-3e5295bbf550,10
d193ccf2-2568-4e17-bf92-caa7e92c55ae,4
ef1b957c-cf8b-47dc-acf0-fb92e88195c7,4
d07cf8b8-6344-459b-ac91-5f4eb8c1931b,3
eff532bc-1b5c-4aa4-8bf9-4fc50efff4cf,5
0d08c0e0-2653-4d8b-b4e9-d8d73a8e53c5,1
efeb5563-b166-4a86-86b1-96f47a3b6a55,5
6959f84d-5856-451c-91c1-b6874e998cc0,2
424fe2f3-053d-4602-a334-743963442b27,7
237e5622-9c27-40a6-aff7-257d8df6a453,1
ece681c5-5367-48b7-aa1d-a77a67d77749,5
64172e5a-c64a-4be1-b8f2-79020dc4a0e0,8
57232418-cf19-4469-9b51-33f65a45a305,13
84c6be41-1a77-49ec-829e-afcc331467af,5
fe5fbbf6-6b25-4ad4-84fd-c4813eef769b,6
d23a939e-ea4f-48bf-b406-ee0c76839353,21
352e471f-f1f6-49dd-991c-f62839521a87,11
26abd66b-2a0a-4bf5-afd6-4b5c5c3792a0,6
b18fec98-da7c-44e3-8a5e-4c7bad17a6f0,1
ae618358-0188-4131-b82b-2151089ab550,36
8cc0c461-8b03-4291-a129-5458bcce46d2,1
eb5f7911-c81d-4df9-9a6a-6998e5bfff50,1
837e231f-ca4b-4c22-81d2-1a9741d426e3,4
76ddb92a-bf4a-4e22-8b1e-0ef85b44d769,5
ad1cfaa3-fc80-4477-bc90-ef07036769d9,4
7c1594f6-99c5-487b-ac34-a42cc51c3712,29
dc6cb784-1e0d-4f41-8b1c-f6ea67c2e7af,11
aa41c104-fa5d-401c-b5ed-d09dc45d2338,4
5230913a-4b3c-4a62-9b18-56b1a2c3a29b,1
010fbe98-e372-48ec-b46b-b99093b028ad,3
b9ae7168-66ad-4f58-a157-651d22094108,5
366279b6-c4a5-444d-942f-2eb87a24c976,8
696447f9-3e24-47f8-869d-bfcea634e3e7,1
08a4ceba-dff6-4946-9caf-a8627be70cdf,2
0463d66a-89f9-4fec-9e20-c1a152d37a9d,12
952fe760-485f-47c2-a4a3-ba7991bb2068,1
d1ceb48c-fb73-4316-a936-2340e261f9da,16
27a5013e-c91f-4800-8f6c-85b1a4538089,7
6047b4c3-332c-49ee-be8e-4b4fecb3d932,35
beb47f76-28d9-494c-93a0-628838b798d3,2
428f797f-868b-41db-a899-af7ae760873e,2
50d6f778-7dfc-4e75-80b6-04a85843ef9a,6
d3697ecb-04ea-441f-9c5e-a14efc77e910,2
2cf104ec-ed19-473b-a65c-db32df589bed,2
2d4c9894-b31e-4647-9e89-010b278d7fbd,8
2edaa59e-ca22-4ce5-b873-50c3979ca4f5,20
81c46671-97a9-4473-b5bf-e829b6257549,1
c5c90681-0334-41d5-afc0-8e781991d855,4
9b324d05-0969-4959-b662-e7bd15bf25c8,1
03de147f-5e59-49b5-864b-da235f1dab54,4
cbadea01-579c-48d4-a6d8-27d9d42a43ca,27
07d08dd8-9934-4537-a87b-79d07db788a9,2
011366d4-1cb9-423a-a3ca-5d249966e549,2
1e615339-086f-43e2-9494-8ac95a76d79c,3
2cb4d00e-154d-4d98-99cd-04aea1d355bc,11
134cc5b6-5cbb-4407-8c92-7360c388fcb2,1
d8d5e478-90c8-4ead-9d81-bc8261c2ef8f,1
4df9908c-0621-4d0f-a042-3be43a39bb07,12
bc1c9d20-03dc-4323-8d0b-6f9f892bdf36,34
e8b6ab71-75ec-48b9-a4dd-4e6b495c81bb,5
2694008e-2872-477d-92f4-61d37b2a9858,3
4ac13b5e-4db0-4791-bf18-c39e5f8dd77a,2
f139d1c1-cf78-48f4-bd49-dd5215827d73,5
8443c510-02d4-4267-a14c-676a20a40f06,3
9d405c06-67a2-46a0-a919-c536cda3efec,2
32099338-8494-42da-8ccd-6b56b7345c7c,20
4ade37f0-92e1-4ec2-a6df-ddd89dc71968,3
24a0cb10-d4bc-464b-ad7e-a0c3ce0d776d,12
5c3f7474-2923-4ea9-8f4c-1f13eb4ad5f3,1
d122437a-e886-402c-8e57-7f574375c68a,1
d3f6d8e5-2a83-436c-9a1f-15a0271e1b83,8
a4c1fdee-a9df-47ab-9a56-4dc754b57a94,1
1fe1e802-101b-4a5c-8480-16b4f00a638e,60
ed2c978e-265b-4929-87d2-f20943a387ee,8
509e4c76-1585-4036-83ac-f8c0ba10ebd7,1
945439ee-394c-497d-aac4-83a81f60908a,6
1f436a40-de4b-4ae0-b94d-73b150cd7a98,1
2469e4cc-85b4-44d6-b51c-b360b95ceee0,2
d7778216-9525-4e3d-b7e6-979907b1dacb,6
e39ea1bf-b033-4ed5-9460-fc24827f3016,7
01c39cb0-85ed-4d34-9b33-24d30766c156,4
daa8e4d5-6152-400f-96d1-f5ba580bee3a,23
ca1e18f0-1f6e-4ee6-b8af-f048d86109e7,51
9a689d3b-b918-4e48-8017-5c2c7b4f70db,6
5f49aa75-779a-4d2e-869c-56f4ef2d5a3b,24
3e361051-4895-47c0-a69c-77d0868fc945,56
6eb15666-9d3f-41b0-bca2-63c48b76db77,1
35d8e051-ff77-4faf-a610-6149427e308b,2
77f2b0f5-62a7-4c33-bb63-c90d2fcf56f4,7
e2c1273a-fe30-413c-bc39-5cd4e96dea0b,2
8ff99dd6-91de-462f-b891-d1e068207b89,8
d1d60a34-b153-4203-8cdc-e2769c2fe78c,4
e95b90be-f7de-498c-af02-9af81c730477,5
5c9f3032-3e41-4448-bae3-9a7df577d715,11
ac18cac5-8f7d-440c-847f-e6f144a8d7fc,7
bfddfd72-b6ca-44e5-8861-e58f33fc1320,11
7ada1f14-8bb7-4aec-97f4-3df956dca04a,3
830d6828-d980-4af1-8296-60a55199215f,1
ca397362-d078-4af7-82da-40772eea9aae,2
240af279-ea09-4a32-a573-cbabd1a86001,3
7befeeef-c821-4b12-a2b5-d49deed619bb,5
0ff89185-83a3-4b10-8727-a5507be5bbcb,20
830ddbc3-0fd4-4499-ba6e-64a4ec3d9ee4,2
0f0c6289-19d4-4343-91bf-124ed270bfdd,19
9e699110-3f15-4663-afd1-a40a1d517dd8,2
5a99920d-4c38-451f-8f62-4f9e685476ea,4
24cab981-29f6-4c8a-9ad4-9fc888eb81fb,16
a1e9004b-0bfa-4d5f-86e5-90213cbd406f,1
84410692-da96-4075-ad52-00396502d47e,11
6805eb77-6249-48bf-92ae-5536c1cc2a24,11
ddc1d089-c5a3-4520-b989-dad78dbe96b7,4
d09d1a3a-777c-41b7-8ad8-0175046fa69d,2
fd119951-78d1-4523-9051-4ef2d0992cfe,17
1929d0d1-a19d-48a1-899a-1824b76f7fe6,5
224c4c81-b09c-48d4-984a-77c8157ed547,3
ce3c0a45-3240-4540-a642-db4c12f900bd,6
13c17dd5-2741-4bb4-8014-870ca5bbcfbf,12
99518101-ca9c-4a76-b86c-cca12a6bbbd6,11
da16edaf-a3ea-4a83-986d-9ce07b3ae2be,6
10e81577-c18d-40e4-bc3d-35b942318f24,4
f11134d5-dc4d-4385-9b5a-fd62f0d5a41a,18
f09b69a1-99f5-414a-a015-6a814e1843b1,6
92dda9ff-ed6a-4c6d-a9fe-e0a4247d3571,2
312507b0-d23c-48db-bcad-4477ee553c50,6
b4aa81c8-ef2e-4138-9db6-7001854f6e56,5
2e9549f0-fef9-4d88-812c-a211589a8dcd,8
610ee895-3077-45db-95a3-bb85f522ffe5,5
fcbb0cfd-484c-4366-8514-9332fba1d518,4
1d703bfc-92de-410c-9bed-a684eaf55f28,9
d0b599dc-2eb5-41d3-904a-bbf59533e35e,8
a8188df4-3501-4247-9826-f368080d898b,6
4fb3bdf9-f6bb-4fc6-b917-fd4665f827ff,10
12edf1ae-94a9-4a93-b68b-fdbd15993282,8
081763cb-2132-413d-aaaa-d4c6d803251b,25
1b672cf3-12ef-43c6-8f6b-57516db12ed3,1
c44d4b46-d2fa-457c-ae21-e5c9d8f84105,24
bca40c9f-3ddc-44cb-9d2e-049b53685d7b,9
40249948-442e-45dc-b98b-7e67852a915c,2
44d1df85-d8da-441a-a9b7-d1855bdb29cb,3
3e5f96fd-02b0-4488-9fca-63e4a249d0c6,5
54e51443-3949-4b19-bae8-166497cbf369,3
1c20ed92-4f7f-4fb8-80fb-4528ed6b4f98,6
fb04f8ed-017f-4b45-b22a-6fbdc05cae04,2
5a7fb865-9698-4fbc-b5ff-75739257e483,3
e2c22954-a85b-4216-a14a-eb0e1524bdd8,6
3143f262-acf1-44e5-b623-da793778c90a,5
7983097c-ec71-4f51-a087-109ea9d1547e,1
cc049df3-2bac-42d1-9c65-e5642767ed62,2
a92202bc-e9d5-4a52-b10e-b2a7e2a6a6a7,4
91891292-3e99-4beb-a3b6-d0421a4abfc4,2
b24c9155-de96-4d0c-8b56-3957c3700dda,11
da0d912e-3c38-485d-b010-12709e5fda4f,1
f4e8d0b4-7bc4-4584-9e9b-d6c5c8bf28b2,3
96f406cd-eae4-49a7-a331-c3a3e40b43c4,5
5fc0a3af-a44d-406a-92fa-f159019e73b6,4
ae5511dc-4473-45e4-8a77-226154d05f48,11
50ccacd4-1234-4337-b406-bf827304148d,7
9be811ea-84e4-4fcf-bc8c-a0e6d016ed27,6
faa1bef0-37ee-4349-97a7-69ecd46d3bfd,1
f0c7306e-97e0-48fb-b380-2246b6aa124f,11
7a91cc60-3c3e-4a70-b8a0-bac7ccadf609,1
187b215b-dd62-4ce3-8d01-59b43339cec7,10
5417b197-41b5-4bd5-8143-965ed78152d4,7
af900574-197a-4efc-a27b-d8e14a51670b,2
c5edddaf-74a0-4ef0-852d-aaf645e807a8,5
6f568a4b-2dbb-45d5-af20-e897a0a322b0,4
634b0139-8d24-405c-9ed5-bffcf50bff84,2
f4b68af0-e659-4cd7-b7d1-be4d9f10ea48,13
b79e4cbe-6ef5-48c8-af8c-1b11a964aa5e,2
ad6c747c-476c-442d-958e-53581b810b87,4
913c31dc-79f4-4b3a-9215-97b12d22a7f8,7
553ffc33-0a5e-4261-b635-5a9a35afd612,2
40ea7b2e-4033-42ff-8e8e-81cbbfbf6b94,7
1fb73811-9d3e-4999-a566-6921d8128039,10
38c03d48-53d5-4b4c-81bf-87f74453e54c,10
b1be778b-da09-48c3-8c4c-158674e2e3e4,13
6d3424c0-20f6-440f-bbd6-e44c71512c58,15
f8ec9453-df40-4130-9610-95288545e144,1
904ce381-e9cc-491f-a272-121d1b052580,1
0e61cf1c-0346-4359-a35f-33bb1ae574cb,6
689bfd90-c4fc-4a45-8123-2bb7f41f293f,7
3e08563d-853e-4eb2-b678-ee17d09e332f,16
399d181c-8c38-4724-a26e-06a49471bd69,6
4a417585-aa7e-4363-9abf-20f7ef5ccf8e,18
07614916-a4d5-4a29-87fb-7bf0ff5f1bee,8
924ec000-81ce-45e5-885e-475daaa64672,5
0a22f520-4eb0-4cfd-a88e-e1e9d2478443,4
1b9003bf-7303-4a84-86eb-915153774740,5
e022b062-4e7a-471e-83fb-ae77f0a90250,21
40f37259-997c-47cc-b60d-077a977b474f,2
f9225b86-d918-4f60-8e64-ba27c8413293,15
c2f13ea0-1890-4123-ba4e-e63cfc4677b7,1
51d9898a-ef6b-4336-b335-ce0155e1e98b,21
ea6ee8a1-9566-423a-bd95-be8c0f222f0a,8
b7f74d94-446b-464c-8040-575d49ced31d,5
6b84db05-510c-4652-893c-22c9d731347e,6
017b15d2-4824-4246-b168-0c24ccd98f4b,6
56ea5e23-e167-43a8-95eb-0eabdf288a65,2
ab4ba3b8-9b68-4dd4-b311-bfc504759c74,5
30bf5b8f-a5b3-4c59-b033-137399fb37fc,11
55e2e1f4-0af3-4fc5-a67c-d5eb35b088df,9
4350e450-da2f-4863-88de-3d6b6776bc1e,11
20e8b183-97e9-45ff-8d92-1cecc439d82c,5
d8747332-54e0-4063-baf0-ca4addae3e6f,5
726d0ef4-b789-441d-ba60-125ea6e36f92,3
5d4b3923-aab7-4970-a2e0-cdea6caba5b6,24
f2158c8f-efbe-41be-960e-a24bc758bf7e,1
a400139c-32e5-46e3-97b5-a442ae847c72,6
f2377aba-7d7f-4a72-8d45-92ee2327fcc9,5
fafefee7-fdc4-4588-9297-61d032c613ef,4
678639d5-e18b-4014-8859-fa3f1b436a99,34
d4e4593b-2122-459c-9d74-badd468b1a4a,2
af4ecb91-998b-4a94-8594-dd5e0f48ef25,17
94c428e4-6608-4341-ab95-603e370f4605,1
a278bfdb-f378-4367-8dd6-dd039ea1ef2d,4
0a5c6e52-80e7-47a3-aab8-cc382b2acad4,3
63d741b2-09bd-4426-b96b-85ab208973d4,6
3fc2c2cc-b2e7-4a36-861c-aa997d099398,8
c2ac65d6-8758-4f88-9198-190937228d4d,1
c0978f04-101d-4ddb-aea9-34ffaa980891,1
74e45d62-4774-4cd1-91f0-0bf6055a7539,2
f96d5c19-92cc-41a6-bb6b-487c4307b3e7,3
569e679d-df22-4cc7-8ebb-1152436279c7,5
e751ebe4-3e13-423d-bf50-88a9dd13f132,2
64a70760-eb53-46ee-867b-92c0c4b86113,4
2217eb6a-0e08-4442-b878-5c32f99abf9f,5
7730b2af-1159-41d5-b6f4-003f916105d3,5
abf496ba-1de4-4def-bbb2-be70f8678193,4
a4f024c7-7a02-444f-bd4b-fad6727a49bd,2
4a07f66e-b3f7-45a3-9f8b-84c9a7273a42,8
8863fcd4-30ff-4666-b8a9-6be4772d159c,6
674fcd96-897d-4e1a-85c6-262ed94c08ad,4
d17bce1c-5b6d-4215-9f33-06c2f916ddba,2
9f119561-4b9f-41b7-8494-db757d78e61a,4
02595a82-48be-421b-ad81-63d88b67aeac,5
acfbbaa2-0402-4249-be61-619297ec84a5,3
abb70e26-03aa-42b0-8cbd-e85042305106,2
b3f825ee-dec6-494a-9b3e-b2ac8d7ded7e,4
d7c8dd74-e2b0-441e-bf18-2cf24b35bf1b,15
5b331d43-4afc-4b2c-8851-edd16e31fd9c,7
7df3b9d0-ffbc-442d-b330-e44170e89902,16
a631b34b-577f-4887-b067-779dd31c1ba5,1
b37dca2b-db10-4d95-8906-d92267af1cce,1
bc4b158c-edbb-449c-922d-725cd68f05e1,4
529f2271-a264-49b4-8e0d-5e4f2ebe2ed0,6
f03c24a6-e74c-45a3-9ffd-cc56f11ed8bc,5
15da5bc4-f986-41e0-a1c3-a307d5acce3b,4
544540af-5e8c-45a6-9cf4-0929c18975ef,9
968ca5fa-f753-4ee3-aa50-1e551fec198b,4
975dcd95-abad-468e-9d31-5a6f34708f7b,2
4379f1be-5699-4809-962f-37f14b8a5072,3
ba86fd50-51f2-4a23-9295-3e1f88640594,6
3fcdaed2-a17b-4be6-857c-a068a0285d29,2
70854f5c-c84b-4da9-bfb5-754f8a026c26,5
ca29d61b-4266-4b1c-a72f-2dd766b03a56,6
7a013d78-f885-422a-92dd-475c0fba7ebe,3
39549e5f-50d4-4500-8312-36eec349a925,10
41326d88-0f1b-42e6-b75b-f8d2ba435e76,2
20b8504e-8a3b-4b0e-87a0-f3ad7bbc177e,2
89b4b586-c94a-4cad-b044-035b20d5f5db,2
0419b5a3-4974-4676-81db-889276d2a724,6
c1c82a12-5852-4f6e-bc20-c78b2ebbc3da,4
0acff441-3e44-473a-82af-3bd43eca7d6b,6
9c144621-5a91-4312-a5be-5fc51dff4a20,3
5ba10604-0b38-42cf-a226-2cbb56528631,5
9d089755-f4a2-411a-9f8d-91afd4630f5d,6
92126744-b246-4932-ba20-9e70be897af3,3
433a5f64-5b93-40a4-9566-a9be3664bea1,5
6f846ff9-46df-44ac-846c-552b815f1c53,9
c70919e5-324e-4eca-8f51-9648ce41d9af,4
4c1fda05-7f51-448f-8478-993a7076e286,5
4a75902d-80ec-4761-9de8-097710480eca,7
54d4e4e8-a217-4b29-9f64-3bc330fd8e23,3
4ced7d19-5162-4c62-9dcd-2bc39d9c76ef,10
82ed4e25-001a-4315-a67e-e3a2a5898f9a,17
ab192f74-98e0-40b4-9dbf-c1ec319e035c,7
fadf4a38-c894-4ca6-a281-b0a553da87ed,3
285dbf23-d437-4081-aa0b-23112edf8c8a,4
8a2d6d40-b0a6-4d64-a3d7-66f9dd372e23,6
1ff23e8b-75c8-4048-a087-86e334e61065,46
9205ae25-9319-4a85-9730-0e9e777618e5,3
2a1ac76d-57ca-4389-af0d-0e102170bf22,18
3ad67fc1-543f-44ad-9c34-6e4ae09e70c3,5
3ec30c5f-c2d3-4b94-8c53-db2be7e4c2b8,2
0a54dea5-36f7-435b-a639-633ab4257f1c,1
a18105fd-5ad4-4c05-a305-f91a4b0ab25b,4
659be81e-9a3d-400d-9dd7-de99d2cb95df,4
f03ee19e-02a7-4084-a461-3507859ffcb8,30
cbfe49a7-4c37-40a4-9619-c6ad4032ee8f,21
be60a3cd-6e89-4a61-9de1-8163ce800497,11
1e3b4432-e0e4-4622-8879-cf78302779cc,7
da4ab17f-a86f-455d-810d-ac6e9e8252de,7
4da62cc2-b95a-4bb6-9477-7e9c8ce9cc6b,7
6af76a82-3734-4b5d-a290-a560a1745dd3,3
273751de-3ec8-450d-b6f9-0f6130485ab4,4
23dbb956-818b-4b45-8173-82a9ba7cb6d3,3
f4b0eb0c-03ae-421e-9bd1-29b310b280f7,4
16d40854-292f-4b0b-852f-2c3b88929c5a,1
9e456b39-d5e5-4ddb-9790-34616fa10f88,3
1a6ddc0d-473a-4e76-ad90-f5633195fe1f,9
6218f82a-062c-42ed-9431-6a1531548cbd,5
7a469168-8c62-440e-94bc-a653b9428a69,4
73792aee-48a8-4824-b991-45a0c476094d,6
72fa3056-ddd1-4b9f-9ab9-a4ac8e6f4f54,4
94e241dc-3f93-4a40-9b4b-71fbbd541266,17
b94fc868-2b6f-40a0-8de0-942e255e129a,6
c0f1eb49-d8d1-44ee-8d8b-dab6e9cbc2fb,5
65a9b4e6-a3e9-496b-96e8-c53c2faeb090,1
8ea81d72-afe0-4799-b029-ee9288689170,3
9caf70ce-497f-49f4-81d9-07e68bd29e95,1
76709143-22f0-4ce6-898c-51d3e5d350a9,3
9f865aef-5208-4b81-969d-2cbbd339ae06,6
80831543-9283-41ee-ba8c-4192a4822f2e,4
93ea2e38-236c-40a0-a753-50fd889079d9,7
e5de11f8-4727-4414-af34-d42f93825e40,6
3ad022e2-8462-4dc9-ab0c-58155343a905,15
08e18aeb-db18-4d0c-9318-273155a57ee3,5
843bbd90-6ccb-4568-8322-81cd6078aa9f,2
4d573011-05e0-4ef7-b3c8-6e7ec51e999c,76
89e1f75b-19cb-497c-ba49-ac976ebf319c,3
36bf90bd-bd88-40e1-a5fe-5d710d4763f4,3
248e81de-2b74-4aa9-9202-0314fcee66c9,6
19ff69fb-d10f-4958-af39-3abe35205700,10
0298327f-f237-4cbc-be12-747fcae12b34,7
9cfa1245-b9c1-4ce2-936c-25718f679dd0,3
8c4b84d6-2730-4952-9fce-985f8372f384,2
97dab48d-e529-41a5-9b54-179fc3beee88,1
3d515e0e-fd46-4d0f-92af-9515d47028bd,5
50af0189-0173-4124-82ce-f0528b1acec7,6
9e613b5f-2965-494a-8e57-e4a5e11cb5d5,3
bb44c1f7-2187-4efb-b4c9-3a3aa5d3691c,3
56cd70f1-cb77-4154-83e0-2a17a9435274,1
9bd2c06e-3532-4f0f-b945-b02828d2e8a4,5
b7f3cd6b-a096-46b9-81b3-0794dc1b7d89,5
bfcf5324-2b3f-4406-b278-17bd7c44fb57,1
6568740f-9a6b-416d-8f11-eb0db7d5e29b,6
cf57331d-a302-4ede-8576-50cee38b0989,5
76f01a11-1119-4d1a-bd3f-2cb8a1203d6e,4
8e41b968-6cc3-452c-b050-9dab92d435bd,4
defc7983-de35-4525-810e-5fd72d953084,1
0d9204db-eabc-4994-9112-edaf8074236b,6
88095841-2d54-4c6d-8694-1119ea9c2d02,2
0f61e084-ce67-4f51-9111-057385708a20,3
72447e04-9b8c-4392-a7a4-ed544047c6a8,7
780de718-b3e1-4747-af97-fd5ffcc321f6,3
e8a43a8a-14bd-43ad-986a-6dc2f0e5ecee,5
5d17ca20-9a34-4537-b963-abe58d098f0a,3
e4b35fbc-3611-41fc-95da-9e279f3f4ace,26
707ba30c-5a71-4a42-bb8b-a64c52f637d0,1
f3fd7f68-e340-4741-9f95-7e461101ef5b,5
5f07d2d2-5979-4e2d-a00b-ac581c7d38ea,5
b94d220d-e469-4649-ab3d-bd5241a8091c,3
638d8a73-e14a-448f-b1bd-3e2c37ec2ff6,24
719b9d60-0b96-4376-807a-72f85c746128,18
54cbee94-5034-4128-9d1d-9d22263cabe4,5
86cd40d1-62ca-4488-b1bc-85305e3e3a6f,5
5852b871-cc79-4d18-a6dc-0ef8f57638cd,3
ca8c6198-7cb6-4644-9930-37ad33af0d9e,9
16b52a07-1a64-4928-9d04-d9f3b45cb520,9
6ebe8444-0ed7-4a4e-a19e-667aa4c046c1,4
1187dfa3-b8bf-4910-b03c-a67efb0e50da,13
33c83077-7521-45c5-af39-9e4999db90d6,2
30620913-7fc6-44b6-bd2c-f205207e36bd,2
b1754b52-248e-4465-8c70-730a813db483,6
b2a3a368-93e5-4878-b737-4a0dfbe7325c,6
8c095577-d604-42f7-be34-d260cc1a300b,4
d609bc19-4335-4024-9066-55e6a06366a7,2
e9250c41-5927-4796-bdc3-60ce9b9c547d,4
6032958e-0574-4c26-bd20-d4ad17849f0f,3
cbdfde79-8c32-4be5-820b-3d04e39bb260,5
1cdd4cf9-caf5-4732-880e-f68626f759b4,2
056a5897-6c54-4b64-9a38-1bfca819da84,4
c9309f2c-01f3-459f-962b-59702cb6233e,9
36166a5d-eb6c-4e5b-8a93-42ff006fcf39,2
75682e1b-c94f-4e94-a697-2f6c4387b8b4,1
c67d28e8-0ba8-4568-b34e-3069cb85457b,2
32ec6ed0-eb30-4e46-87cf-1d012e641a98,3
180be279-450b-48f8-8d8f-e63eb7e65bba,3
8c6185eb-fc4b-43ae-bd6e-c9c4c810ebc5,11
912c41db-543f-4e10-9992-81dc1b4d7372,2
fbb9025f-f259-44a8-9cd5-58157af96a90,23
5897cab6-3da7-4d86-867e-89bb044e2683,5
54f81761-301a-442c-9184-845cab6e2ca9,1
2c1b7157-4bf9-47e6-862b-fb5d04040bf1,5
18ffe4fc-8fa0-4053-b6bc-e86d09cf136a,3
3c6dee88-109b-4879-b77d-33746f9c2bef,7
a262833b-deb2-46c5-9089-5178ae2b0b4c,2
2dcd2d8c-016b-415f-aa18-61f57c321bdc,3
5d3b11a4-9477-4c63-907e-ec6a29fab17b,3
3a68cc78-2a52-4cf9-8df0-266787b3cb18,4
e273aeb5-7277-4a3b-9e1d-d83dda61c711,1
fbd6cf6b-343d-4329-b32f-4c2416be3c28,6
616a2371-80b8-42fc-a853-a2c75fd451e0,6
1d1be1d0-673f-40c1-a90b-d201d57d0a2e,5
5c685d07-10b6-4d12-ba8a-64e66d2db4f4,2
f13cf61f-63a0-4a0c-b605-3d0a527e274f,2
cc6a7a04-2959-4028-af44-1c56566d0a3b,3
0707dfed-4f5c-4b9f-90de-506778d83c50,2
c5e0f292-1a1a-417d-b81b-526c4a3edbe5,2
78375c83-1a42-4248-8e62-4a871ca141ff,3
ae2c329f-89c1-4f39-8de2-9ed320eccfe2,4
4c4135ae-eaae-408d-8dd7-ce6a0ebfbc2c,3
e39f09bb-1373-4fa7-ab98-a03ac1e742f6,1
16de3679-2525-4a89-9a13-c2c537f5c7ec,27
ff471a4c-1adf-41cd-bd17-efaac30e474e,4
435d4a57-2ff1-4e3e-812d-7c87d5dab679,10
0f4f78c7-25ed-4fa5-85c4-25df5e5ee605,29
f95b8ab3-dff3-4d6a-bfa9-75ce00cb949e,1
b6216367-da11-4d20-b440-7410a38c75a1,3
e3026650-ac7e-44c3-b830-91977c037be9,2
7d8451a6-a34a-48f4-8f2c-990b4d4237d3,2
cb1f9cc6-c864-44c2-bb73-0073a950d794,7
83ab0b08-9ca8-4a4f-b445-eb0f0a8d00f2,3
70b35ec3-d0e7-4db8-b503-ee6dce31c8de,3
8cdfd5e1-8527-4d34-beb5-82363b27f65a,2
fb0865a4-2cc5-43de-a6c4-dd887b15dd9a,3
7beb1db6-7a7a-4d44-9ee0-af0ec6dd56f7,3
851e7896-47e7-4cb7-a7cc-e03ebf611165,3
2dc92c02-6e04-40e3-9a2a-c31eb406a303,3
602f8654-27ab-491d-be9e-9ee353da8a4a,6
8ed0632f-f992-4997-a1b5-12fc325b4c2b,4
e614f319-9d97-4ef7-a5db-2122bb06aa48,1
7f6b8d4d-c9eb-45fa-9f7f-cbf79d580cf6,3
d08fb367-dd08-455a-946d-f2edcd895c93,2
eb67ac9a-2e87-45e9-be0f-ec20d3c55aa3,1
8afc103f-c3b8-4af6-b2ba-df74d5d1e11b,2
c2b999e4-e697-485d-ac7c-0d97b4654507,6
c1ead28a-667e-4c88-bcf5-36dca5cef375,4
d5b12b61-98c2-42ea-a524-99c970ca8639,7
7c9195ea-f280-413e-b1c4-ba47bd3b393a,10
629232cc-9dff-431b-a885-bd5d71fd7ff7,64
7780cb6c-67a8-498d-9020-6e4e7c69ab6a,2
da756501-7151-49b4-ad08-b1e368c35466,1
e3de770e-b29f-4140-b223-c7aaac90de89,1
2f56cc00-fa75-4523-9dda-ca0fb2116d1a,3
b1101470-cffb-4dc9-ae86-2e8e8f23eced,5
6f72c4e8-4ed0-45a3-aea6-7f83ce048cb3,6
baa87060-7780-4500-b360-c7f5d04a4819,5
3eefde67-53d9-425f-ad3c-c043476ac4a0,3
ec0b343f-ee88-453b-b111-f086f9321056,2
9278607a-6e51-4596-92a4-f4c113ad0501,7
c9ba1849-eda6-4b50-ad01-55b5dfe916b0,4
b8109f9c-82b5-4cd6-9415-c48705d57207,1
923f6799-3af1-4ca9-ac1e-a277955f896f,3
79feeb0e-7b15-49d4-9a50-12b55b767c64,3
33a29de9-fc51-4fd1-8650-ff06c55c1601,4
834644bc-9767-4a9e-ae51-32e7d29a7413,2
0b077271-e6eb-47a9-bf64-31ac0ca47373,40
dc8a9a38-a7ec-4cb6-9f42-01525c28c49d,8
66429670-d583-4efb-808b-b97fc2c09225,4
4c911d26-945d-4d3c-903a-10f443e8e8da,3
a8f4862e-1f8c-4ba2-a2e9-af224d522f61,1
1f72a594-c406-4638-a10b-36851e099883,1
bf98e394-a091-4220-993d-b16695e557b3,3
0dc4354d-872d-4666-87dc-6718652231b5,2
6024c477-dd28-4830-8d99-80541de080bc,4
57c24759-970e-4f44-8846-6462499457d7,3
ccac766f-ba65-4073-8609-10affa6e0fbf,2
be730254-f25e-4c89-b2aa-423bfb5310bc,7
1c321bb2-76e9-4f08-a625-4cd1463dcd11,2
dd3e2dce-c8f5-47ba-9128-c7b2e91c0c6e,2
4de10924-e231-406a-b400-b7ba674e66e4,6
aa3ec34e-59af-4759-8dc5-5989e6b385d8,3
f8bd71fc-cbda-442d-9716-771984e824fa,2
94d7c805-c763-48cf-8e06-ddf327f5f1c7,11
70a8f8e2-7c2b-4941-b23a-94b748d5c476,4
2c91ac12-74ec-441d-82fd-6fe700c11c15,4
41d6c477-005c-4533-9579-d9e2bd24c571,2
a6d435c0-a192-477e-9c5d-824a85dae576,3
bcde6888-8e5c-48c0-b63a-b79d56ec1349,1
3ba977bc-91bf-4575-b805-bacefb023439,7
b8787520-6e02-4de3-868e-07a6d9e8ebdf,10
d38ae263-ad3e-4b7c-8030-365ac2b05789,3
170db38c-eced-4e8d-86bd-f77100fc42e6,7
fb6dee95-c4e5-4941-9ff0-06c3a944a83b,5
b4fdbe0e-9714-43ab-8a4e-24d6ddeb9b5a,6
5fa70ff5-8a11-4123-bba8-cc1c772cab86,2
f12b0054-0aa5-4b49-8a68-444435eecbd3,4
4173c5f6-437b-4911-bf72-fc9c7f21f067,10
61fdd56a-d83b-4371-a24b-a1dff1272b77,3
19ee74d7-61b4-4c93-a55d-3bbbcf09ab7a,2
69ab4320-bc0d-46aa-998a-5b00124b9388,3
d273a4b8-befb-4b9c-b401-5da41470d3f2,2
f5559c8b-e352-4587-b4b8-452baa423ed6,2
2777fe74-7f83-4ad5-94ec-ad2fde32497b,2
eddf3878-c55b-46e3-99fe-c8da0ce100ca,5
7cd6278c-1193-4d2f-b280-bc0acc2be99a,2
896b4b02-6247-40ca-849e-a64855a07683,2
f9760388-883e-403b-841a-335622007bec,1
eb2d376f-ed19-4407-a338-0e4926cd8ab9,3
ebcb9d27-3681-422e-999f-16e8f422ae54,2
38802f22-e2d4-444a-8cb4-1c51a0979a12,4
787cba02-0c45-4503-a66a-696048c95860,5
aa222df8-858b-4de0-a68a-c0ddd52e63ef,6
0b401d74-4e2f-410d-bd34-fd71d68a3ec3,2
83e0cc13-183d-4c76-af37-7dd9ae52c2a3,3
53ce337e-b2ac-400d-b9ae-d927ce20d1e4,3
f4eeae37-a3ae-4448-a7ae-70f2079f526f,2
07023fee-ebf9-4b67-8b3b-5ded183215df,1
efe3e610-ab96-4d0a-8a4d-f6b26c56a052,2
daea73e6-0095-464b-8b5c-7f8e43114c3b,2
39ffb179-2a4c-4a0b-bc22-4e02ba30dece,2
9ff89765-ba23-4315-bc95-233516e2125c,16
6de3b9ae-673c-452b-b056-1c101998adc2,2
6ca78e6e-0cbf-4e19-9cd0-40084e847cd7,3
2d0d409f-ba7c-4419-bdd9-169da512c7f8,6
a64f49fb-35f7-4490-9122-cc362d5447b0,2
b0901105-c67a-4cb1-af6b-14acbef0177e,2
c7eb9c69-3c36-4e86-92c2-63781e148e8b,7
0b07546b-202d-458d-8e15-69ebf974ac6f,7
72b134f2-a0c0-4128-93b0-0abb53753aee,2
9601e714-29a8-4475-8bd8-133e0bd61048,3
b7b50773-6a00-43b9-8a25-23563b40b474,2
d5a33484-9db3-4345-82ba-24dab89f2b27,4
378e5d2d-6b64-455e-84b2-b6faa142dc86,1
e810d26e-76ba-42cc-acdb-c74fcb0758b5,2
c9d2aea4-210e-4fb8-b94c-a93551072b22,3
ffab5cd3-7e4c-4d7e-847b-2e99a7771a2e,1
011c285f-bdc2-42a7-873a-e8e90a9fa7af,1
f9f5c969-6283-4fc6-a576-b49bac89a675,3
5b1e9f20-cd42-445a-81dc-8da681e50c7e,2
d8ce9356-6d20-4624-9e95-35ad3c7d954e,20
df6a3655-7d12-42b5-982d-5ba67117a349,3
93724757-8118-4e22-94e8-923b65fa8b21,2
47a57b5b-08b5-4a0e-a134-5795e05662ac,3
4d936978-7f4e-45c2-a2d4-32a791bfebfd,56
27369d37-d5be-4017-995c-c1846fb6bafb,13
a080b432-1e45-479f-ba08-13e07b1be603,2
2cc020e1-e18f-4d0a-ab93-fe17ff3f73db,2
997d32bc-400b-42b7-be07-7ddcb96b7777,2
aa70d48d-4b89-40a4-8b9d-d862d4c786f4,4
efdff547-0ab6-4aa9-ae13-3b80110ff7c3,7
80d58f69-867f-49d0-843a-e73adb98e82d,3
f8c37f3a-10bc-4271-8713-ab419a9de916,1
98d23ac0-3836-4943-b1ac-cb58098c4bee,4
7719b62e-8ce4-4f19-8d9b-49a6189c163b,3
4d5c3abc-ec4d-4bbe-9e80-ee799cef8fca,3
bfb10305-66e0-4a80-8e09-fac2c9566a93,3
8d002bde-a5ad-4855-963b-b3b1290f6c7f,2
cdf17f54-1b12-4630-8cdd-311da5e7adc1,25
